{
	"pages": [ //pages数组中第一项表示应用启动页，参考：https://uniapp.dcloud.io/collocation/pages
		{
			"path": "pages/login/login",
			"style": {
				"navigationBarTitleText": "登录"
			}
		},
		{
			"path": "pages/index/index",
			"style": {
				"navigationBarTitleText": "首页"
			}
		}
	],
	"tabBar": {
		"list": [{
				"iconPath": "static/images/tabbar/home_1.png",
				"selectedIconPath": "static/images/tabbar/home_2.png",
				"pagePath": "pages/index/index",
				"text": "首页"
			},
			{
				"iconPath": "static/images/tabbar/store_1.png",
				"selectedIconPath": "static/images/tabbar/store_2.png",
				"pagePath": "pages/tabber/shop",
				"text": "云店"
			},
			{
				"iconPath": "static/images/tabbar/release_1.png",
				"selectedIconPath": "static/images/tabbar/release_1.png",
				"pagePath": "pages/tabber/release"
			},
			{
				"iconPath": "static/images/tabbar/stroll_1.png",
				"selectedIconPath": "static/images/tabbar/stroll_2.png",
				"pagePath": "pages/tabber/stroll",
				"text": "逛逛"
			},
			{
				"iconPath": "static/images/tabbar/personal_1.png",
				"selectedIconPath": "static/images/tabbar/personal_2.png",
				"pagePath": "pages/tabber/userCenter",
				"text": "个人中心"
			}
		]
	},
	"globalStyle": {
		"navigationBarTextStyle": "black",
		"navigationBarTitleText": "uni-app",
		"navigationBarBackgroundColor": "#FFF",
		"backgroundColor": "#F8F8F8"
	},
	"uniIdRouter": {}
}
